chapter,order,path_old,filename_old,slug,path_new,title,h1,group,source_id,n_figures,figures,issues,notes
01-probability,1,01-probability/59. Bernoulli Probability Mass Function & Moments.md,59. Bernoulli Probability Mass Function & Moments.md,bernoulli-pmf-moments,01-probability/bernoulli-pmf-moments.qmd,PMF Bernoulli và các moment,PMF Bernoulli và các moment,probability,59,1,59-bernoulli-pmf.svg,ampersand;spaces,
01-probability,2,01-probability/60. Binomial Probability Mass Function.md,60. Binomial Probability Mass Function.md,binomial-pmf,01-probability/binomial-pmf.qmd,PMF nhị thức (Binomial),PMF nhị thức (Binomial),probability,60,1,60-binomial-pmf.svg,spaces,
01-probability,3,01-probability/62. Geometric Probability Mass Function & Mean.md,62. Geometric Probability Mass Function & Mean.md,geometric-pmf-mean,01-probability/geometric-pmf-mean.qmd,PMF hình học (Geometric) và kỳ vọng,PMF hình học (Geometric) và kỳ vọng,probability,62,1,62-geometric-pmf.svg,ampersand;spaces,
01-probability,4,01-probability/61. Poisson Probability Mass Function & Cumulative...md,61. Poisson Probability Mass Function & Cumulative...md,poisson-pmf-cdf,01-probability/poisson-pmf-cdf.qmd,PMF & CDF Poisson,PMF Poisson và hàm phân phối tích lũy,probability,61,1,61-poisson-pmf.svg,truncated;ampersand;spaces,MUST_FIX filename
01-probability,5,01-probability/83_Bootstrap-Mean-Confidence-Interval.md,83_Bootstrap-Mean-Confidence-Interval.md,bootstrap-mean-ci,01-probability/bootstrap-mean-ci.qmd,Bootstrap: trung bình và khoảng tin cậy,Bootstrap: trung bình và khoảng tin cậy,probability,83,1,83-bootstrap-ci.svg,underscore-id,MUST_FIX filename
02-statistics,1,"02-statistics/63. Mean, Median, Mode.md","63. Mean, Median, Mode.md",mean-median-mode,02-statistics/mean-median-mode.qmd,"Mean, Median, Mode","Mean, Median, Mode",statistics,63,1,63-mean-vs-median-outlier.svg,spaces,
02-statistics,2,02-statistics/64. Sample Variance & Standard Deviation.md,64. Sample Variance & Standard Deviation.md,sample-variance-and-standard-deviation,02-statistics/sample-variance-and-standard-deviation.qmd,Phương sai mẫu & độ lệch chuẩn,Phương sai mẫu & độ lệch chuẩn,statistics,64,1,64-sample-variance.svg,ampersand;spaces,
02-statistics,3,02-statistics/65. Percentiles-Quantiles.md,65. Percentiles-Quantiles.md,percentiles-quantiles,02-statistics/percentiles-quantiles.qmd,Percentile / Quantile,Percentile / Quantile,statistics,65,1,65-five-number-summary.svg,spaces,
02-statistics,4,02-statistics/42. Compute Pearson Correlation Matrix.md,42. Compute Pearson Correlation Matrix.md,pearson-correlation-matrix,02-statistics/pearson-correlation-matrix.qmd,Ma trận tương quan Pearson,Ma trận tương quan Pearson,statistics,42,1,42-pearson-scatter.svg,spaces,
02-statistics,5,02-statistics/24. Compute Silhouette Score.md,24. Compute Silhouette Score.md,silhouette-score,02-statistics/silhouette-score.qmd,Điểm silhouette,Điểm silhouette,statistics,24,1,24-silhouette-clusters.svg,spaces,
02-statistics,6,02-statistics/66. Chi-Square Test.md,66. Chi-Square Test.md,chi-square-test,02-statistics/chi-square-test.qmd,Kiểm định Chi-Square,Kiểm định Chi-Square,statistics,66,1,66-chi-square-table.svg,spaces,
02-statistics,7,02-statistics/67. One-Sample t-Test.md,67. One-Sample t-Test.md,one-sample-t-test,02-statistics/one-sample-t-test.qmd,Kiểm định t một mẫu,Kiểm định t một mẫu,statistics,67,2,![67-t-statistic.svg](figures/67-t-statistic.svg;67-t-statistic.svg,spaces,CONTENT_FIX: broken img src (figures/![...]...) — sửa pha 2/3
03-linear-algebra,1,03-linear-algebra/17. Implement Manhattan Distance.md,17. Implement Manhattan Distance.md,manhattan-distance,03-linear-algebra/manhattan-distance.qmd,Manhattan Distance,Manhattan Distance,linear-algebra,17,1,17-manhattan-grid.svg,spaces,
03-linear-algebra,2,03-linear-algebra/18. Implement Euclidean Distance.md,18. Implement Euclidean Distance.md,euclidean-distance,03-linear-algebra/euclidean-distance.qmd,Euclidean Distance,Euclidean Distance,linear-algebra,18,1,18-euclidean-345.svg,spaces,
03-linear-algebra,3,03-linear-algebra/95. Compute 3D Vector Norm.md,95. Compute 3D Vector Norm.md,3d-vector-norm,03-linear-algebra/3d-vector-norm.qmd,Norm vector 3D,Norm vector 3D,linear-algebra,95,1,95-l2-norm-345.svg,spaces,
03-linear-algebra,4,03-linear-algebra/96. Normalize 3D Vectors.md,96. Normalize 3D Vectors.md,normalize-3d-vectors,03-linear-algebra/normalize-3d-vectors.qmd,Chuẩn hóa vector 3D,Chuẩn hóa vector 3D,linear-algebra,96,1,96-normalize-unit.svg,spaces,
03-linear-algebra,5,03-linear-algebra/97. Angle Between 3D Vectors.md,97. Angle Between 3D Vectors.md,angle-between-3d-vectors,03-linear-algebra/angle-between-3d-vectors.qmd,Góc giữa hai vector 3D,Góc giữa hai vector 3D,linear-algebra,97,1,97-angle-vectors.svg,spaces,
03-linear-algebra,6,03-linear-algebra/26. Implement Cosine Similarity.md,26. Implement Cosine Similarity.md,cosine-similarity,03-linear-algebra/cosine-similarity.qmd,Cosine Similarity,Cosine Similarity,linear-algebra,26,1,26-cosine-angle.svg,spaces,
03-linear-algebra,7,03-linear-algebra/37. Implement Matrix Normalization.md,37. Implement Matrix Normalization.md,matrix-normalization,03-linear-algebra/matrix-normalization.qmd,Chuẩn hóa ma trận,Chuẩn hóa ma trận,linear-algebra,37,1,37-l1-row-normalize.svg,spaces,
03-linear-algebra,8,03-linear-algebra/86. Make Diagonal Matrix.md,86. Make Diagonal Matrix.md,make-diagonal-matrix,03-linear-algebra/make-diagonal-matrix.qmd,Ma trận đường chéo,Ma trận đường chéo,linear-algebra,86,1,86-diagonal-matrix.svg,spaces,
03-linear-algebra,9,03-linear-algebra/87. Matrix Inverse.md,87. Matrix Inverse.md,matrix-inverse,03-linear-algebra/matrix-inverse.qmd,Nghịch đảo ma trận,Nghịch đảo ma trận,linear-algebra,87,1,87-matrix-inverse-2x2.svg,spaces,
03-linear-algebra,10,03-linear-algebra/40. Calculate Eigenvalues of a Matrix.md,40. Calculate Eigenvalues of a Matrix.md,calculate-eigenvalues-of-a-matrix,03-linear-algebra/calculate-eigenvalues-of-a-matrix.qmd,Trị riêng của ma trận,Trị riêng của ma trận,linear-algebra,40,1,40-eigenvalues-2x2.svg,spaces,
03-linear-algebra,11,03-linear-algebra/11. Apply 4x4 Homogeneous Transform.md,11. Apply 4x4 Homogeneous Transform.md,apply-4x4-homogeneous-transform,03-linear-algebra/apply-4x4-homogeneous-transform.qmd,Áp dụng biến đổi đồng nhất 4×4,Áp dụng biến đổi đồng nhất 4×4,linear-algebra,11,1,11-homogeneous-translate.svg,spaces,
03-linear-algebra,12,03-linear-algebra/98. Rotate 3D Point Around Z-Axis.md,98. Rotate 3D Point Around Z-Axis.md,rotate-3d-point-around-z-axis,03-linear-algebra/rotate-3d-point-around-z-axis.qmd,Quay điểm 3D quanh trục Z,Quay điểm 3D quanh trục Z,linear-algebra,98,1,98-rotate-z-90.svg,spaces,
04-features,1,04-features/27. Implement Min-Max Normalization.md,27. Implement Min-Max Normalization.md,min-max-normalization,04-features/min-max-normalization.qmd,Min-Max Normalization,Min-Max Normalization,features,27,1,27-minmax-1d.svg,spaces,gần với min-max-scaling (185) — giữ cả hai; phân biệt normalization vs scaling trong description
04-features,2,04-features/185. Min-Max Scaling.md,185. Min-Max Scaling.md,min-max-scaling,04-features/min-max-scaling.qmd,Min-Max Scaling,Min-Max Scaling,features,185,1,185-minmax-scale.svg,spaces,xem note ở min-max-normalization
04-features,3,04-features/28. Implement z-Score Standardization.md,28. Implement z-Score Standardization.md,z-score-standardization,04-features/z-score-standardization.qmd,z-Score Standardization,z-Score Standardization,features,28,1,28-zscore-line.svg,spaces,
04-features,4,04-features/197. Robust Scaling.md,197. Robust Scaling.md,robust-scaling,04-features/robust-scaling.qmd,Robust Scaling,Robust Scaling,features,197,1,197-robust-iqr.svg,spaces,
04-features,5,04-features/198. Rank Transform.md,198. Rank Transform.md,rank-transform,04-features/rank-transform.qmd,Rank Transform,Rank Transform,features,198,1,198-average-ranks.svg,spaces,
04-features,6,04-features/184. Log Transform.md,184. Log Transform.md,log-transform,04-features/log-transform.qmd,Log Transform,Log Transform,features,184,1,184-log-compress.svg,spaces,
04-features,7,04-features/199. Winsorization.md,199. Winsorization.md,winsorization,04-features/winsorization.qmd,Winsorization,Winsorization,features,199,1,199-winsorize-caps.svg,spaces,
04-features,8,04-features/72. Streaming Min-Max Normalization.md,72. Streaming Min-Max Normalization.md,streaming-min-max-normalization,04-features/streaming-min-max-normalization.qmd,Streaming Min-Max Normalization,Streaming Min-Max Normalization,features,72,1,72-streaming-minmax.svg,spaces,
04-features,9,04-features/70. Impute Missing Values.md,70. Impute Missing Values.md,impute-missing-values,04-features/impute-missing-values.qmd,Impute Missing Values (mean/median),Impute Missing Values (mean/median),features,70,1,70-mean-impute.svg,spaces,
04-features,10,04-features/71. One-Hot Encoding (Multi-class).md,71. One-Hot Encoding (Multi-class).md,one-hot-encoding-multi-class,04-features/one-hot-encoding-multi-class.qmd,One-Hot Encoding (đa lớp),One-Hot Encoding (đa lớp),features,71,1,71-onehot-matrix.svg,spaces,
04-features,11,04-features/182. Ordinal Encoding.md,182. Ordinal Encoding.md,ordinal-encoding,04-features/ordinal-encoding.qmd,Ordinal Encoding,Ordinal Encoding,features,182,1,182-ordinal-education.svg,spaces,
04-features,12,04-features/183. Frequency Encoding.md,183. Frequency Encoding.md,frequency-encoding,04-features/frequency-encoding.qmd,Frequency Encoding,Frequency Encoding,features,183,1,183-frequency-counts.svg,spaces,
04-features,13,04-features/170. Target Encoding.md,170. Target Encoding.md,target-encoding,04-features/target-encoding.qmd,Target Encoding,Target Encoding,features,170,1,170-target-means.svg,spaces,
04-features,14,04-features/186. Cyclic Encoding.md,186. Cyclic Encoding.md,cyclic-encoding,04-features/cyclic-encoding.qmd,Cyclic Encoding,Cyclic Encoding,features,186,1,186-cyclic-hours.svg,spaces,
04-features,15,04-features/171. Polynomial Features.md,171. Polynomial Features.md,polynomial-features,04-features/polynomial-features.qmd,Polynomial Features,Polynomial Features,features,171,1,171-poly-degree2.svg,spaces,
04-features,16,04-features/172. Binning.md,172. Binning.md,binning,04-features/binning.qmd,Binning,Binning,features,172,1,172-equal-width-bins.svg,spaces,
04-features,17,04-features/173. Interaction Features.md,173. Interaction Features.md,interaction-features,04-features/interaction-features.qmd,Interaction Features,Interaction Features,features,173,1,173-multiplicative-interaction.svg,spaces,
04-features,18,04-features/68. Stratified Train-Test Split.md,68. Stratified Train-Test Split.md,stratified-train-test-split,04-features/stratified-train-test-split.qmd,Stratified Train/Test Split,Stratified Train/Test Split,features,68,1,68-stratified-split.svg,spaces,
04-features,19,04-features/85. K-Fold Split (Indices Only).md,85. K-Fold Split (Indices Only).md,k-fold-split-indices-only,04-features/k-fold-split-indices-only.qmd,K-Fold Split (chỉ chỉ số),K-Fold Split (chỉ chỉ số),features,85,1,85-kfold-indices.svg,spaces,
04-features,20,04-features/69. Batch Shuffling & Mini-Batch Generator.md,69. Batch Shuffling & Mini-Batch Generator.md,batch-shuffling-and-mini-batch-generator,04-features/batch-shuffling-and-mini-batch-generator.qmd,Batch Shuffling & Mini-Batch Generator,Batch Shuffling & Mini-Batch Generator,features,69,1,69-minibatch-shuffle.svg,ampersand;spaces,
05-classical-ml,1,05-classical-ml/143. Linear Regression Closed Form.md,143. Linear Regression Closed Form.md,linear-regression-closed-form,05-classical-ml/linear-regression-closed-form.qmd,Linear Regression dạng đóng,Linear Regression dạng đóng,classical-ml,143,1,143-ols-line.svg,spaces,
05-classical-ml,2,05-classical-ml/147. Ridge Regression.md,147. Ridge Regression.md,ridge-regression,05-classical-ml/ridge-regression.qmd,Ridge Regression,Ridge Regression,classical-ml,147,1,147-ridge-closed-form.svg,spaces,
05-classical-ml,3,05-classical-ml/2. Logistic Regression Training Loop.md,2. Logistic Regression Training Loop.md,logistic-regression-training-loop,05-classical-ml/logistic-regression-training-loop.qmd,Vòng lặp huấn luyện Logistic Regression,Vòng lặp huấn luyện Logistic Regression,classical-ml,2,1,02-sigmoid.svg,spaces,
05-classical-ml,4,05-classical-ml/14-1. Compute Entropy for a Node.md,14-1. Compute Entropy for a Node.md,entropy-for-a-node,05-classical-ml/entropy-for-a-node.qmd,Entropy của một node,Entropy của một node,classical-ml,14-1,1,14-1-binary-entropy.svg,spaces,
05-classical-ml,5,05-classical-ml/149. Decision Tree Best Split.md,149. Decision Tree Best Split.md,decision-tree-best-split,05-classical-ml/decision-tree-best-split.qmd,Chia tốt nhất Decision Tree,Chia tốt nhất Decision Tree,classical-ml,149,1,149-best-split-gini.svg,spaces,
05-classical-ml,6,05-classical-ml/146. Random Forest Majority Vote.md,146. Random Forest Majority Vote.md,random-forest-majority-vote,05-classical-ml/random-forest-majority-vote.qmd,Bình chọn đa số Random Forest,Bình chọn đa số Random Forest,classical-ml,146,1,146-rf-majority.svg,spaces,
05-classical-ml,7,05-classical-ml/144. K-Means Assignment Step.md,144. K-Means Assignment Step.md,k-means-assignment-step,05-classical-ml/k-means-assignment-step.qmd,Bước gán cụm K-Means,Bước gán cụm K-Means,classical-ml,144,1,144-kmeans-assign.svg,spaces,
05-classical-ml,8,05-classical-ml/145. K-Means Centroid Update.md,145. K-Means Centroid Update.md,k-means-centroid-update,05-classical-ml/k-means-centroid-update.qmd,Bước cập nhật centroid K-Means,Bước cập nhật centroid K-Means,classical-ml,145,1,145-kmeans-centroid.svg,spaces,
05-classical-ml,9,05-classical-ml/148. PCA Projection.md,148. PCA Projection.md,pca-projection,05-classical-ml/pca-projection.qmd,Chiếu PCA,Chiếu PCA,classical-ml,148,1,148-pca-pc1.svg,spaces,
05-classical-ml,10,05-classical-ml/150. Gaussian Naive Bayes.md,150. Gaussian Naive Bayes.md,gaussian-naive-bayes,05-classical-ml/gaussian-naive-bayes.qmd,Gaussian Naive Bayes,Gaussian Naive Bayes,classical-ml,150,1,150-gnb-classes.svg,spaces,
01-probability,6,05-classical-ml/13. Expected Value (Discrete Distribution).md,13. Expected Value (Discrete Distribution).md,expected-value-discrete,01-probability/expected-value-discrete.qmd,Kỳ vọng (phân phối rời rạc),Kỳ vọng (phân phối rời rạc),probability,13,1,13-fair-die-expectation.svg,spaces,MOVED pha6 from classical-ml; aliases old URL
06-metrics,1,"06-metrics/29. Compute Accuracy, Precision, Recall, F1.md","29. Compute Accuracy, Precision, Recall, F1.md",accuracy-precision-recall-f1,06-metrics/accuracy-precision-recall-f1.qmd,"Accuracy, Precision, Recall, F1","Accuracy, Precision, Recall, F1",metrics,29,1,29-confusion-f1.svg,spaces,
06-metrics,2,06-metrics/15-Implement Micro-F1.md,15-Implement Micro-F1.md,micro-f1,06-metrics/micro-f1.qmd,Micro-F1,Micro-F1,metrics,15,1,15-micro-f1.svg,spaces,
06-metrics,3,06-metrics/16-Implement Cross-Entropy Loss.md,16-Implement Cross-Entropy Loss.md,cross-entropy-loss,06-metrics/cross-entropy-loss.qmd,Cross-Entropy Loss,Cross-Entropy Loss,metrics,16,1,16-ce-nll.svg,spaces,
06-metrics,4,06-metrics/114. Log Loss (Per-Sample).md,114. Log Loss (Per-Sample).md,log-loss-per-sample,06-metrics/log-loss-per-sample.qmd,Log Loss (từng mẫu),Log Loss (từng mẫu),metrics,114,1,114-logloss-curve.svg,spaces,
06-metrics,5,06-metrics/88. Mean Squared Error (MSE).md,88. Mean Squared Error (MSE).md,mean-squared-error-mse,06-metrics/mean-squared-error-mse.qmd,Mean Squared Error (MSE),Mean Squared Error (MSE),metrics,88,1,88-mse-residuals.svg,spaces,
06-metrics,6,06-metrics/30. Implement R² Score (Coefficient of Determinati...md,30. Implement R² Score (Coefficient of Determinati...md,r2-score,06-metrics/r2-score.qmd,R² Score (hệ số xác định),R² Score (hệ số xác định),metrics,30,1,30-r2-fit.svg,truncated;unbalanced-paren;special-char;spaces,MUST_FIX filename
06-metrics,7,06-metrics/73. Compute ROC Curve from Scores.md,73. Compute ROC Curve from Scores.md,roc-curve-from-scores,06-metrics/roc-curve-from-scores.qmd,Đường ROC từ score,Đường ROC từ score,metrics,73,1,73-roc-curve.svg,spaces,
06-metrics,8,06-metrics/74. Compute AUC (Area Under ROC).md,74. Compute AUC (Area Under ROC).md,auc-area-under-roc,06-metrics/auc-area-under-roc.qmd,AUC (diện tích dưới ROC),AUC (diện tích dưới ROC),metrics,74,1,74-auc-pairs.svg,spaces,
06-metrics,9,06-metrics/14-2. Precision and Recall at K.md,14-2. Precision and Recall at K.md,precision-and-recall-at-k,06-metrics/precision-and-recall-at-k.qmd,Precision và Recall at K,Precision và Recall at K,metrics,14-2,1,14-2-precision-recall-k.svg,spaces,
06-metrics,10,06-metrics/116. NDCG (Normalized Discounted Cumulative Gain.md,116. NDCG (Normalized Discounted Cumulative Gain.md,ndcg,06-metrics/ndcg.qmd,NDCG (Normalized Discounted Cumulative Gain),NDCG (Normalized Discounted Cumulative Gain),metrics,116,1,116-ndcg-ranks.svg,unbalanced-paren;spaces,MUST_FIX filename
06-metrics,11,06-metrics/113. Cohen's Kappa.md,113. Cohen's Kappa.md,cohens-kappa,06-metrics/cohens-kappa.qmd,Cohen's Kappa,Cohen's Kappa,metrics,113,1,113-kappa-agreement.svg,spaces,
06-metrics,12,06-metrics/115. Expected Calibration Error.md,115. Expected Calibration Error.md,expected-calibration-error,06-metrics/expected-calibration-error.qmd,Expected Calibration Error,Expected Calibration Error,metrics,115,1,115-ece-reliability.svg,spaces,
06-metrics,13,06-metrics/117. Isotonic Regression Calibration.md,117. Isotonic Regression Calibration.md,isotonic-regression-calibration,06-metrics/isotonic-regression-calibration.qmd,Isotonic Regression Calibration,Isotonic Regression Calibration,metrics,117,1,117-isotonic-pava.svg,spaces,
07-activations-losses,1,07-activations-losses/49. Implement ReLU Activation.md,49. Implement ReLU Activation.md,relu-activation,07-activations-losses/relu-activation.qmd,ReLU Activation,ReLU Activation,activations-losses,49,1,49-relu.svg,spaces,
07-activations-losses,2,07-activations-losses/23. Implement Leaky ReLU (with a).md,23. Implement Leaky ReLU (with a).md,leaky-relu,07-activations-losses/leaky-relu.qmd,Leaky ReLU (với α),Leaky ReLU (với α),activations-losses,23,1,23-leaky-relu.svg,spaces,
07-activations-losses,3,07-activations-losses/50. Implement Tanh Activation.md,50. Implement Tanh Activation.md,tanh-activation,07-activations-losses/tanh-activation.qmd,Tanh Activation,Tanh Activation,activations-losses,50,1,50-tanh.svg,spaces,
07-activations-losses,4,07-activations-losses/25. Implement Softmax Function.md,25. Implement Softmax Function.md,softmax-function,07-activations-losses/softmax-function.qmd,Softmax,Softmax,activations-losses,25,1,25-softmax.svg,spaces,
07-activations-losses,5,07-activations-losses/35. Implement GELU Activation (Gaussian Error Line...md,35. Implement GELU Activation (Gaussian Error Line...md,gelu-activation,07-activations-losses/gelu-activation.qmd,GELU Activation,GELU Activation,activations-losses,35,1,35-gelu.svg,truncated;unbalanced-paren;spaces,MUST_FIX filename
07-activations-losses,6,07-activations-losses/51. Implement Swish Activation.md,51. Implement Swish Activation.md,swish-activation,07-activations-losses/swish-activation.qmd,Swish Activation,Swish Activation,activations-losses,51,1,51-swish.svg,spaces,
07-activations-losses,7,07-activations-losses/132. ELU Activation.md,132. ELU Activation.md,elu-activation,07-activations-losses/elu-activation.qmd,ELU Activation,ELU Activation,activations-losses,132,1,132-elu.svg,spaces,
07-activations-losses,8,07-activations-losses/133. SELU Activation.md,133. SELU Activation.md,selu-activation,07-activations-losses/selu-activation.qmd,SELU Activation,SELU Activation,activations-losses,133,1,133-selu.svg,spaces,
07-activations-losses,9,07-activations-losses/33. Implement Hinge Loss (Binary SVM).md,33. Implement Hinge Loss (Binary SVM).md,hinge-loss-binary-svm,07-activations-losses/hinge-loss-binary-svm.qmd,Hinge Loss (SVM nhị phân),Hinge Loss (SVM nhị phân),activations-losses,33,1,33-hinge.svg,spaces,
07-activations-losses,10,07-activations-losses/52. Implement Huber Loss.md,52. Implement Huber Loss.md,huber-loss,07-activations-losses/huber-loss.qmd,Huber Loss,Huber Loss,activations-losses,52,1,52-huber.svg,spaces,
07-activations-losses,11,07-activations-losses/34. Implement Contrastive Loss (Siamese).md,34. Implement Contrastive Loss (Siamese).md,contrastive-loss-siamese,07-activations-losses/contrastive-loss-siamese.qmd,Contrastive Loss (Siamese),Contrastive Loss (Siamese),activations-losses,34,1,34-contrastive.svg,spaces,
07-activations-losses,12,07-activations-losses/53. Implement Triplet Loss.md,53. Implement Triplet Loss.md,triplet-loss,07-activations-losses/triplet-loss.qmd,Triplet Loss,Triplet Loss,activations-losses,53,1,53-triplet.svg,spaces,
07-activations-losses,13,07-activations-losses/54. Implement InfoNCE Loss.md,54. Implement InfoNCE Loss.md,infonce-loss,07-activations-losses/infonce-loss.qmd,InfoNCE Loss,InfoNCE Loss,activations-losses,54,1,54-infonce.svg,spaces,
07-activations-losses,14,07-activations-losses/55. Implement Focal Loss.md,55. Implement Focal Loss.md,focal-loss,07-activations-losses/focal-loss.qmd,Focal Loss,Focal Loss,activations-losses,55,1,55-focal.svg,spaces,
07-activations-losses,15,07-activations-losses/136. Binary Focal Loss.md,136. Binary Focal Loss.md,binary-focal-loss,07-activations-losses/binary-focal-loss.qmd,Binary Focal Loss,Binary Focal Loss,activations-losses,136,1,136-focal.svg,spaces,
07-activations-losses,16,07-activations-losses/56. Implement Dice Loss.md,56. Implement Dice Loss.md,dice-loss,07-activations-losses/dice-loss.qmd,Dice Loss,Dice Loss,activations-losses,56,1,56-dice.svg,spaces,
07-activations-losses,17,07-activations-losses/57. Implement KL Divergence.md,57. Implement KL Divergence.md,kl-divergence,07-activations-losses/kl-divergence.qmd,KL Divergence,KL Divergence,activations-losses,57,1,57-kl.svg,spaces,
07-activations-losses,18,07-activations-losses/58. Implement Wasserstein Critic Loss.md,58. Implement Wasserstein Critic Loss.md,wasserstein-critic-loss,07-activations-losses/wasserstein-critic-loss.qmd,Wasserstein Critic Loss,Wasserstein Critic Loss,activations-losses,58,1,58-wgan-critic.svg,spaces,
07-activations-losses,19,07-activations-losses/134. Label Smoothing Loss.md,134. Label Smoothing Loss.md,label-smoothing-loss,07-activations-losses/label-smoothing-loss.qmd,Label Smoothing Loss,Label Smoothing Loss,activations-losses,134,1,134-label-smooth.svg,spaces,
07-activations-losses,20,07-activations-losses/135. Cosine Embedding Loss.md,135. Cosine Embedding Loss.md,cosine-embedding-loss,07-activations-losses/cosine-embedding-loss.qmd,Cosine Embedding Loss,Cosine Embedding Loss,activations-losses,135,1,135-cosine-embed.svg,spaces,
08-optimizers,1,08-optimizers/44. AdaGrad Optimizer.md,44. AdaGrad Optimizer.md,adagrad-optimizer,08-optimizers/adagrad-optimizer.qmd,AdaGrad Optimizer,AdaGrad Optimizer,optimizers,44,1,44-adagrad-adapt.svg,spaces,
08-optimizers,2,08-optimizers/9. RMSProp Optimizer (Single Update Step).md,9. RMSProp Optimizer (Single Update Step).md,rmsprop-optimizer-single-update-step,08-optimizers/rmsprop-optimizer-single-update-step.qmd,RMSProp Optimizer,RMSProp Optimizer,optimizers,9,1,9-rmsprop-step.svg,spaces,
08-optimizers,3,08-optimizers/47. Implement AdaDelta Update Step.md,47. Implement AdaDelta Update Step.md,adadelta-update-step,08-optimizers/adadelta-update-step.qmd,AdaDelta Update Step,AdaDelta Update Step,optimizers,47,1,47-adadelta-step.svg,spaces,
08-optimizers,4,08-optimizers/45. Implement Nesterov Momentum (NAG).md,45. Implement Nesterov Momentum (NAG).md,nesterov-momentum-nag,08-optimizers/nesterov-momentum-nag.qmd,Nesterov Momentum (NAG),Nesterov Momentum (NAG),optimizers,45,1,45-nag-lookahead.svg,spaces,
08-optimizers,5,08-optimizers/7. Implement Adam Optimizer Step.md,7. Implement Adam Optimizer Step.md,adam-optimizer-step,08-optimizers/adam-optimizer-step.qmd,Adam Optimizer Step,Adam Optimizer Step,optimizers,7,1,7-adam-step.svg,spaces,
08-optimizers,6,08-optimizers/46. Implement AdamW (Decoupled Weight Decay).md,46. Implement AdamW (Decoupled Weight Decay).md,adamw-decoupled-weight-decay,08-optimizers/adamw-decoupled-weight-decay.qmd,AdamW (Decoupled Weight Decay),AdamW (Decoupled Weight Decay),optimizers,46,1,46-adamw-decouple.svg,spaces,
08-optimizers,7,08-optimizers/48. Implement Nadam (Nesterov + Adam).md,48. Implement Nadam (Nesterov + Adam).md,nadam-nesterov-plus-adam,08-optimizers/nadam-nesterov-plus-adam.qmd,Nadam (Nesterov + Adam),Nadam (Nesterov + Adam),optimizers,48,1,48-nadam-step.svg,spaces,
08-optimizers,8,08-optimizers/43. Gradient Clipping (Global Norm).md,43. Gradient Clipping (Global Norm).md,gradient-clipping-global-norm,08-optimizers/gradient-clipping-global-norm.qmd,Gradient Clipping (Global Norm),Gradient Clipping (Global Norm),optimizers,43,1,43-grad-clip.svg,spaces,
08-optimizers,9,08-optimizers/31. Learning Rate Scheduler (Linear Decay).md,31. Learning Rate Scheduler (Linear Decay).md,learning-rate-scheduler-linear-decay,08-optimizers/learning-rate-scheduler-linear-decay.qmd,Learning Rate Scheduler (Linear Decay),Learning Rate Scheduler (Linear Decay),optimizers,31,1,31-linear-decay.svg,spaces,
08-optimizers,10,08-optimizers/125. Warmup + Linear Decay LR Schedule.md,125. Warmup + Linear Decay LR Schedule.md,warmup-plus-linear-decay-lr-schedule,08-optimizers/warmup-plus-linear-decay-lr-schedule.qmd,Warmup + Linear Decay LR Schedule,Warmup + Linear Decay LR Schedule,optimizers,125,1,125-warmup-decay.svg,spaces,
08-optimizers,11,08-optimizers/126. Cosine Annealing LR Scheduler.md,126. Cosine Annealing LR Scheduler.md,cosine-annealing-lr-scheduler,08-optimizers/cosine-annealing-lr-scheduler.qmd,Cosine Annealing LR Scheduler,Cosine Annealing LR Scheduler,optimizers,126,1,126-cosine-anneal.svg,spaces,
08-optimizers,12,08-optimizers/127. L-BFGS Two-Loop Recursion.md,127. L-BFGS Two-Loop Recursion.md,l-bfgs-two-loop-recursion,08-optimizers/l-bfgs-two-loop-recursion.qmd,L-BFGS Two-Loop Recursion,L-BFGS Two-Loop Recursion,optimizers,127,1,127-lbfgs-twoloop.svg,spaces,
09-deep-learning,1,09-deep-learning/151. Linear Layer Forward.md,151. Linear Layer Forward.md,linear-layer-forward,09-deep-learning/linear-layer-forward.qmd,Linear Layer Forward,Linear Layer Forward,deep-learning,151,1,151-linear-forward.svg,spaces,
09-deep-learning,2,09-deep-learning/152. Xavier Initialization.md,152. Xavier Initialization.md,xavier-initialization,09-deep-learning/xavier-initialization.qmd,Xavier Initialization,Xavier Initialization,deep-learning,152,1,152-xavier-bound.svg,spaces,
09-deep-learning,3,09-deep-learning/153. He Initialization.md,153. He Initialization.md,he-initialization,09-deep-learning/he-initialization.qmd,He Initialization,He Initialization,deep-learning,153,1,153-he-vs-xavier.svg,spaces,
09-deep-learning,4,09-deep-learning/8. Implement Dropout (Training Mode).md,8. Implement Dropout (Training Mode).md,dropout-training-mode,09-deep-learning/dropout-training-mode.qmd,Dropout (chế độ huấn luyện),Dropout (chế độ huấn luyện),deep-learning,8,1,8-dropout-inverted.svg,spaces,
09-deep-learning,5,09-deep-learning/32. Batch Normalization (Forward).md,32. Batch Normalization (Forward).md,batch-normalization-forward,09-deep-learning/batch-normalization-forward.qmd,Batch Normalization (Forward),Batch Normalization (Forward),deep-learning,32,1,32-batchnorm.svg,spaces,
09-deep-learning,6,09-deep-learning/154. Max Pooling Forward.md,154. Max Pooling Forward.md,max-pooling-forward,09-deep-learning/max-pooling-forward.qmd,Max Pooling Forward,Max Pooling Forward,deep-learning,154,1,154-maxpool-2x2.svg,spaces,
09-deep-learning,7,09-deep-learning/159. Max Pooling 2D.md,159. Max Pooling 2D.md,max-pooling-2d,09-deep-learning/max-pooling-2d.qmd,Max Pooling 2D,Max Pooling 2D,deep-learning,159,1,159-maxpool-2d.svg,spaces,
09-deep-learning,8,09-deep-learning/160. Average Pooling 2D.md,160. Average Pooling 2D.md,average-pooling-2d,09-deep-learning/average-pooling-2d.qmd,Average Pooling 2D,Average Pooling 2D,deep-learning,160,1,160-avgpool-2d.svg,spaces,
09-deep-learning,9,09-deep-learning/21. Implement Global Average Pooling.md,21. Implement Global Average Pooling.md,global-average-pooling,09-deep-learning/global-average-pooling.qmd,Global Average Pooling,Global Average Pooling,deep-learning,21,1,21-gap.svg,spaces,
09-deep-learning,10,09-deep-learning/22. Implement a Simple CNN Layer (NumPy).md,22. Implement a Simple CNN Layer (NumPy).md,a-simple-cnn-layer-numpy,09-deep-learning/a-simple-cnn-layer-numpy.qmd,CNN Layer (NumPy),CNN Layer (NumPy),deep-learning,22,1,22-conv-patch.svg,spaces,
09-deep-learning,11,09-deep-learning/3. Pad Sequences.md,3. Pad Sequences.md,pad-sequences,09-deep-learning/pad-sequences.qmd,Pad Sequences,Pad Sequences,deep-learning,3,1,3-pad-post.svg,spaces,
09-deep-learning,12,09-deep-learning/84. RNN Step Forward (Tanh Cell).md,84. RNN Step Forward (Tanh Cell).md,rnn-step-forward-tanh-cell,09-deep-learning/rnn-step-forward-tanh-cell.qmd,RNN Step Forward (Tanh Cell),RNN Step Forward (Tanh Cell),deep-learning,84,1,84-rnn-tanh-cell.svg,spaces,
09-deep-learning,13,09-deep-learning/89. RNN Step Backward (Vanilla RNN).md,89. RNN Step Backward (Vanilla RNN).md,rnn-step-backward-vanilla-rnn,09-deep-learning/rnn-step-backward-vanilla-rnn.qmd,RNN Step Backward (Vanilla RNN),RNN Step Backward (Vanilla RNN),deep-learning,89,1,89-rnn-backward.svg,spaces,
09-deep-learning,14,09-deep-learning/19. Build a Mini GRU Cell (Forward Pass).md,19. Build a Mini GRU Cell (Forward Pass).md,build-a-mini-gru-cell-forward-pass,09-deep-learning/build-a-mini-gru-cell-forward-pass.qmd,Mini GRU Cell (forward),Mini GRU Cell (forward),deep-learning,19,1,19-gru-gates.svg,spaces,
09-deep-learning,15,09-deep-learning/5. Implement Positional Encoding.md,5. Implement Positional Encoding.md,positional-encoding,09-deep-learning/positional-encoding.qmd,Positional Encoding (sin/cos),Positional Encoding (sin/cos),deep-learning,5,1,5-pe-sin-cos.svg,spaces,
09-deep-learning,16,09-deep-learning/20. Implement Causal Masking for Attention.md,20. Implement Causal Masking for Attention.md,causal-masking-for-attention,09-deep-learning/causal-masking-for-attention.qmd,Causal Masking cho Attention,Causal Masking cho Attention,deep-learning,20,1,20-causal-mask.svg,spaces,
10-computer-vision,1,10-computer-vision/161. Color to Grayscale.md,161. Color to Grayscale.md,color-to-grayscale,10-computer-vision/color-to-grayscale.qmd,Color to Grayscale,Color to Grayscale,computer-vision,161,1,161-rgb-gray.svg,spaces,
10-computer-vision,2,10-computer-vision/123. Image Histogram.md,123. Image Histogram.md,image-histogram,10-computer-vision/image-histogram.qmd,Image Histogram,Image Histogram,computer-vision,123,1,123-histogram.svg,spaces,
10-computer-vision,3,10-computer-vision/129. Histogram Equalization.md,129. Histogram Equalization.md,histogram-equalization,10-computer-vision/histogram-equalization.qmd,Histogram Equalization,Histogram Equalization,computer-vision,129,1,129-histeq-cdf.svg,spaces,
10-computer-vision,4,10-computer-vision/124. Gaussian Blur Kernel.md,124. Gaussian Blur Kernel.md,gaussian-blur-kernel,10-computer-vision/gaussian-blur-kernel.qmd,Gaussian Blur Kernel,Gaussian Blur Kernel,computer-vision,124,1,124-gaussian-kernel.svg,spaces,
10-computer-vision,5,10-computer-vision/128. Sobel Edge Detection.md,128. Sobel Edge Detection.md,sobel-edge-detection,10-computer-vision/sobel-edge-detection.qmd,Sobel Edge Detection,Sobel Edge Detection,computer-vision,128,1,128-sobel.svg,spaces,
10-computer-vision,6,10-computer-vision/130. Morphological Erosion and Dilation.md,130. Morphological Erosion and Dilation.md,morphological-erosion-and-dilation,10-computer-vision/morphological-erosion-and-dilation.qmd,Morphological Erosion and Dilation,Morphological Erosion and Dilation,computer-vision,130,1,130-erosion.svg,spaces,
10-computer-vision,7,10-computer-vision/131. Image Rotation (Nearest Neighbor).md,131. Image Rotation (Nearest Neighbor).md,image-rotation-nearest-neighbor,10-computer-vision/image-rotation-nearest-neighbor.qmd,Image Rotation (Nearest Neighbor),Image Rotation (Nearest Neighbor),computer-vision,131,1,131-rotate-nn.svg,spaces,
10-computer-vision,8,10-computer-vision/121. Bilinear Interpolation.md,121. Bilinear Interpolation.md,bilinear-interpolation,10-computer-vision/bilinear-interpolation.qmd,Bilinear Interpolation,Bilinear Interpolation,computer-vision,121,1,121-bilinear.svg,spaces,
10-computer-vision,9,10-computer-vision/120. 2D Convolution (Image Filtering).md,120. 2D Convolution (Image Filtering).md,2d-convolution-image-filtering,10-computer-vision/2d-convolution-image-filtering.qmd,2D Convolution (lọc ảnh),2D Convolution (lọc ảnh),computer-vision,120,1,120-conv-filter.svg,spaces,
10-computer-vision,10,10-computer-vision/10. Anchor Box Generation.md,10. Anchor Box Generation.md,anchor-box-generation,10-computer-vision/anchor-box-generation.qmd,Anchor Box Generation,Anchor Box Generation,computer-vision,10,1,10-anchors.svg,spaces,
10-computer-vision,11,10-computer-vision/118. Intersection over Union (IoU).md,118. Intersection over Union (IoU).md,intersection-over-union-iou,10-computer-vision/intersection-over-union-iou.qmd,Intersection over Union (IoU),Intersection over Union (IoU),computer-vision,118,1,118-iou-boxes.svg,spaces,
10-computer-vision,12,10-computer-vision/119. Non-Maximum Suppression.md,119. Non-Maximum Suppression.md,non-maximum-suppression,10-computer-vision/non-maximum-suppression.qmd,Non-Maximum Suppression,Non-Maximum Suppression,computer-vision,119,1,119-nms.svg,spaces,
10-computer-vision,13,10-computer-vision/122. ROI Pooling.md,122. ROI Pooling.md,roi-pooling,10-computer-vision/roi-pooling.qmd,ROI Pooling,ROI Pooling,computer-vision,122,1,122-roi-pool.svg,spaces,
11-nlp,1,11-nlp/102. Word Count Dictionary.md,102. Word Count Dictionary.md,word-count-dictionary,11-nlp/word-count-dictionary.qmd,Word Count Dictionary,Word Count Dictionary,nlp,102,1,102-word-counts.svg,spaces,
11-nlp,2,11-nlp/100. Remove Stopwords.md,100. Remove Stopwords.md,remove-stopwords,11-nlp/remove-stopwords.qmd,Remove Stopwords,Remove Stopwords,nlp,100,1,100-stopwords.svg,spaces,
11-nlp,3,11-nlp/101. Bag-of-Words Vector.md,101. Bag-of-Words Vector.md,bag-of-words-vector,11-nlp/bag-of-words-vector.qmd,Bag-of-Words Vector,Bag-of-Words Vector,nlp,101,1,101-bow-vector.svg,spaces,
11-nlp,4,11-nlp/38. Implement TF-IDF Vectorizer.md,38. Implement TF-IDF Vectorizer.md,tf-idf-vectorizer,11-nlp/tf-idf-vectorizer.qmd,TF-IDF Vectorizer,TF-IDF Vectorizer,nlp,38,1,38-tfidf.svg,spaces,
11-nlp,5,11-nlp/99. Bigram Probabilities (Add-1 Smoothing).md,99. Bigram Probabilities (Add-1 Smoothing).md,bigram-probabilities-add-1-smoothing,11-nlp/bigram-probabilities-add-1-smoothing.qmd,Bigram Probabilities (Add-1 Smoothing),Bigram Probabilities (Add-1 Smoothing),nlp,99,1,99-bigram-probs.svg,spaces,
11-nlp,6,11-nlp/39. Implement BM25 Ranking Score.md,39. Implement BM25 Ranking Score.md,bm25-ranking-score,11-nlp/bm25-ranking-score.qmd,BM25 Ranking Score,BM25 Ranking Score,nlp,39,1,39-bm25-rank.svg,spaces,
11-nlp,7,11-nlp/155. Edit Distance.md,155. Edit Distance.md,edit-distance,11-nlp/edit-distance.qmd,Edit Distance,Edit Distance,nlp,155,1,155-edit-distance.svg,spaces,
11-nlp,8,11-nlp/156. Text Chunking.md,156. Text Chunking.md,text-chunking,11-nlp/text-chunking.qmd,Text Chunking,Text Chunking,nlp,156,1,156-chunk-overlap.svg,spaces,
11-nlp,9,11-nlp/158. Perplexity Computation.md,158. Perplexity Computation.md,perplexity-computation,11-nlp/perplexity-computation.qmd,Perplexity,Perplexity,nlp,158,1,158-perplexity.svg,spaces,
11-nlp,10,11-nlp/157 BLUE Score.md,157 BLUE Score.md,bleu-score,11-nlp/bleu-score.qmd,BLEU Score,BLEU Score,nlp,157,1,157-bleu.svg,missing-dot-after-id;spaces,MUST_FIX filename
12-reinforcement-learning,1,12-reinforcement-learning/137. Discounted Returns.md,137. Discounted Returns.md,discounted-returns,12-reinforcement-learning/discounted-returns.qmd,Discounted Returns,Discounted Returns,reinforcement-learning,137,1,137-discounted-returns.svg,spaces,
12-reinforcement-learning,2,12-reinforcement-learning/12. Value Iteration Step.md,12. Value Iteration Step.md,value-iteration-step,12-reinforcement-learning/value-iteration-step.qmd,Value Iteration Step,Value Iteration Step,reinforcement-learning,12,1,12-value-iteration.svg,spaces,
12-reinforcement-learning,3,12-reinforcement-learning/93. Monte Carlo Policy Evaluation.md,93. Monte Carlo Policy Evaluation.md,monte-carlo-policy-evaluation,12-reinforcement-learning/monte-carlo-policy-evaluation.qmd,Monte Carlo Policy Evaluation,Monte Carlo Policy Evaluation,reinforcement-learning,93,1,93-mc-returns.svg,spaces,
12-reinforcement-learning,4,12-reinforcement-learning/90. One-Step TD Value Update.md,90. One-Step TD Value Update.md,one-step-td-value-update,12-reinforcement-learning/one-step-td-value-update.qmd,One-Step TD Value Update,One-Step TD Value Update,reinforcement-learning,90,1,90-td-update.svg,spaces,
12-reinforcement-learning,5,12-reinforcement-learning/92. ε-Greedy Action Selection.md,92. ε-Greedy Action Selection.md,epsilon-greedy,12-reinforcement-learning/epsilon-greedy.qmd,ε-Greedy Action Selection,ε-Greedy Action Selection,reinforcement-learning,92,1,92-epsilon-greedy.svg,special-char;spaces,
12-reinforcement-learning,6,12-reinforcement-learning/91. Tabular Q-Learning (Single Update).md,91. Tabular Q-Learning (Single Update).md,tabular-q-learning-single-update,12-reinforcement-learning/tabular-q-learning-single-update.qmd,Tabular Q-Learning (Single Update),Tabular Q-Learning (Single Update),reinforcement-learning,91,1,91-q-learning.svg,spaces,
12-reinforcement-learning,7,12-reinforcement-learning/138. SARSA Update.md,138. SARSA Update.md,sarsa-update,12-reinforcement-learning/sarsa-update.qmd,SARSA Update,SARSA Update,reinforcement-learning,138,1,138-sarsa.svg,spaces,
12-reinforcement-learning,8,12-reinforcement-learning/94. Advantage Computation.md,94. Advantage Computation.md,advantage-computation,12-reinforcement-learning/advantage-computation.qmd,Advantage Computation,Advantage Computation,reinforcement-learning,94,1,94-advantage.svg,spaces,
12-reinforcement-learning,9,12-reinforcement-learning/141. Generalized Advantage Estimation.md,141. Generalized Advantage Estimation.md,generalized-advantage-estimation,12-reinforcement-learning/generalized-advantage-estimation.qmd,Generalized Advantage Estimation,Generalized Advantage Estimation,reinforcement-learning,141,1,141-gae.svg,spaces,
12-reinforcement-learning,10,12-reinforcement-learning/140. Policy Gradient Loss.md,140. Policy Gradient Loss.md,policy-gradient-loss,12-reinforcement-learning/policy-gradient-loss.qmd,Policy Gradient Loss,Policy Gradient Loss,reinforcement-learning,140,1,140-policy-gradient.svg,spaces,
12-reinforcement-learning,11,12-reinforcement-learning/139. Replay Buffer Sample.md,139. Replay Buffer Sample.md,replay-buffer-sample,12-reinforcement-learning/replay-buffer-sample.qmd,Replay Buffer Sample,Replay Buffer Sample,reinforcement-learning,139,1,139-replay-sample.svg,spaces,
12-reinforcement-learning,12,12-reinforcement-learning/142. Prioritized Experience Replay.md,142. Prioritized Experience Replay.md,prioritized-experience-replay,12-reinforcement-learning/prioritized-experience-replay.qmd,Prioritized Experience Replay,Prioritized Experience Replay,reinforcement-learning,142,1,142-per-priority.svg,spaces,
13-time-series,1,13-time-series/175. Lag Features.md,175. Lag Features.md,lag-features,13-time-series/lag-features.qmd,Lag Features,Lag Features,time-series,175,1,175-lag-features.svg,spaces,
13-time-series,2,13-time-series/174. Differencing.md,174. Differencing.md,differencing,13-time-series/differencing.qmd,Differencing,Differencing,time-series,174,1,174-differencing.svg,spaces,
13-time-series,3,13-time-series/162. Simple Moving Average.md,162. Simple Moving Average.md,simple-moving-average,13-time-series/simple-moving-average.qmd,Simple Moving Average,Simple Moving Average,time-series,162,1,162-sma.svg,spaces,
13-time-series,4,13-time-series/176. Weighted Moving Average.md,176. Weighted Moving Average.md,weighted-moving-average,13-time-series/weighted-moving-average.qmd,Weighted Moving Average,Weighted Moving Average,time-series,176,1,176-wma.svg,spaces,
13-time-series,5,13-time-series/163. Exponential Moving Average.md,163. Exponential Moving Average.md,exponential-moving-average,13-time-series/exponential-moving-average.qmd,Exponential Moving Average,Exponential Moving Average,time-series,163,1,163-ema.svg,spaces,
13-time-series,6,13-time-series/177. Rolling Standard Deviation.md,177. Rolling Standard Deviation.md,rolling-standard-deviation,13-time-series/rolling-standard-deviation.qmd,Rolling Standard Deviation,Rolling Standard Deviation,time-series,177,1,177-rolling-std.svg,spaces,
13-time-series,7,13-time-series/188. Moving Median.md,188. Moving Median.md,moving-median,13-time-series/moving-median.qmd,Moving Median,Moving Median,time-series,188,1,188-moving-median.svg,spaces,
13-time-series,8,13-time-series/187. Percent Change.md,187. Percent Change.md,percent-change,13-time-series/percent-change.qmd,Percent Change,Percent Change,time-series,187,1,187-percent-change.svg,spaces,
13-time-series,9,13-time-series/190. Cumulative Returns.md,190. Cumulative Returns.md,cumulative-returns,13-time-series/cumulative-returns.qmd,Cumulative Returns,Cumulative Returns,time-series,190,1,190-cumulative-returns.svg,spaces,
13-time-series,10,13-time-series/191. Seasonal Average.md,191. Seasonal Average.md,seasonal-average,13-time-series/seasonal-average.qmd,Seasonal Average,Seasonal Average,time-series,191,1,191-seasonal-avg.svg,spaces,SVG orphan liên quan: figures/191-seasonal-average.svg (kiểm tra ref pha 2)
13-time-series,11,13-time-series/189. Double Exponential Smoothing.md,189. Double Exponential Smoothing.md,double-exponential-smoothing,13-time-series/double-exponential-smoothing.qmd,Double Exponential Smoothing,Double Exponential Smoothing,time-series,189,1,189-holt.svg,spaces,SVG orphan liên quan: figures/189-holt-des.svg (kiểm tra ref pha 2)
13-time-series,12,13-time-series/164. Autocorrelation.md,164. Autocorrelation.md,autocorrelation,13-time-series/autocorrelation.qmd,Autocorrelation,Autocorrelation,time-series,164,1,164-acf.svg,spaces,
13-time-series,13,13-time-series/165. Linear Interpolation.md,165. Linear Interpolation.md,linear-interpolation,13-time-series/linear-interpolation.qmd,Linear Interpolation,Linear Interpolation,time-series,165,1,165-interpolation.svg,spaces,
14-recommender,1,14-recommender/195. Mean Rating Imputation.md,195. Mean Rating Imputation.md,mean-rating-imputation,14-recommender/mean-rating-imputation.qmd,Mean Rating Imputation,Mean Rating Imputation,recommender,195,1,195-imputation.svg,spaces,
14-recommender,2,14-recommender/166. Rating Normalization.md,166. Rating Normalization.md,rating-normalization,14-recommender/rating-normalization.qmd,Rating Normalization,Rating Normalization,recommender,166,1,166-rating-norm.svg,spaces,
14-recommender,3,14-recommender/180. Popularity Ranking.md,180. Popularity Ranking.md,popularity-ranking,14-recommender/popularity-ranking.qmd,Popularity Ranking,Popularity Ranking,recommender,180,1,180-popularity.svg,spaces,
14-recommender,4,14-recommender/181. Baseline Predictor.md,181. Baseline Predictor.md,baseline-predictor,14-recommender/baseline-predictor.qmd,Baseline Predictor,Baseline Predictor,recommender,181,1,181-baseline.svg,spaces,
14-recommender,5,14-recommender/178. Jaccard Similarity.md,178. Jaccard Similarity.md,jaccard-similarity,14-recommender/jaccard-similarity.qmd,Jaccard Similarity,Jaccard Similarity,recommender,178,1,178-jaccard.svg,spaces,
14-recommender,6,14-recommender/193. Adjusted Cosine Similarity.md,193. Adjusted Cosine Similarity.md,adjusted-cosine-similarity,14-recommender/adjusted-cosine-similarity.qmd,Adjusted Cosine Similarity,Adjusted Cosine Similarity,recommender,193,1,193-adj-cosine.svg,spaces,
14-recommender,7,14-recommender/168. User-Based CF Prediction.md,168. User-Based CF Prediction.md,user-based-cf-prediction,14-recommender/user-based-cf-prediction.qmd,User-Based CF Prediction,User-Based CF Prediction,recommender,168,1,168-user-cf.svg,spaces,
14-recommender,8,14-recommender/179. Item-Based CF Prediction.md,179. Item-Based CF Prediction.md,item-based-cf-prediction,14-recommender/item-based-cf-prediction.qmd,Item-Based CF Prediction,Item-Based CF Prediction,recommender,179,1,179-item-cf.svg,spaces,
14-recommender,9,14-recommender/169. Matrix Factorization SGD Step.md,169. Matrix Factorization SGD Step.md,matrix-factorization-sgd-step,14-recommender/matrix-factorization-sgd-step.qmd,Matrix Factorization SGD Step,Matrix Factorization SGD Step,recommender,169,1,169-mf-sgd.svg,spaces,
14-recommender,10,14-recommender/167. Top-K Recommendations.md,167. Top-K Recommendations.md,top-k-recommendations,14-recommender/top-k-recommendations.qmd,Top-K Recommendations,Top-K Recommendations,recommender,167,1,167-topk.svg,spaces,
14-recommender,11,14-recommender/194. Hit Rate at K.md,194. Hit Rate at K.md,hit-rate-at-k,14-recommender/hit-rate-at-k.qmd,Hit Rate at K,Hit Rate at K,recommender,194,1,194-hr-at-k.svg,spaces,
14-recommender,12,14-recommender/192. Catalog Coverage.md,192. Catalog Coverage.md,catalog-coverage,14-recommender/catalog-coverage.qmd,Catalog Coverage,Catalog Coverage,recommender,192,1,192-coverage.svg,spaces,
14-recommender,13,14-recommender/196. Novelty Score.md,196. Novelty Score.md,novelty-score,14-recommender/novelty-score.qmd,Novelty Score,Novelty Score,recommender,196,1,196-novelty.svg,spaces,
15-mlops,1,15-mlops/110. ETL Schema Validation.md,110. ETL Schema Validation.md,etl-schema-validation,15-mlops/etl-schema-validation.qmd,ETL Schema Validation,ETL Schema Validation,mlops,110,1,110-schema.svg,spaces,
15-mlops,2,15-mlops/111. ETL Deduplication.md,111. ETL Deduplication.md,etl-deduplication,15-mlops/etl-deduplication.qmd,ETL Deduplication,ETL Deduplication,mlops,111,1,111-dedup.svg,spaces,
15-mlops,3,15-mlops/112. ETL Dependency Orchestration.md,112. ETL Dependency Orchestration.md,etl-dependency-orchestration,15-mlops/etl-dependency-orchestration.qmd,ETL Dependency Orchestration,ETL Dependency Orchestration,mlops,112,1,112-etl-dag.svg,spaces,
15-mlops,4,15-mlops/105. Feature Store Lookup.md,105. Feature Store Lookup.md,feature-store-lookup,15-mlops/feature-store-lookup.qmd,Feature Store Lookup,Feature Store Lookup,mlops,105,1,105-feature-store.svg,spaces,
15-mlops,5,15-mlops/103. Detect Train-Serving Skew.md,103. Detect Train-Serving Skew.md,detect-train-serving-skew,15-mlops/detect-train-serving-skew.qmd,Detect Train-Serving Skew,Detect Train-Serving Skew,mlops,103,1,103-psi-skew.svg,spaces,
15-mlops,6,15-mlops/106. Data Drift Detection.md,106. Data Drift Detection.md,data-drift-detection,15-mlops/data-drift-detection.qmd,Data Drift Detection,Data Drift Detection,mlops,106,1,106-tvd-drift.svg,spaces,
15-mlops,7,15-mlops/107. Monitoring Metrics Selection.md,107. Monitoring Metrics Selection.md,monitoring-metrics-selection,15-mlops/monitoring-metrics-selection.qmd,Monitoring Metrics Selection,Monitoring Metrics Selection,mlops,107,1,107-metrics.svg,spaces,
15-mlops,8,15-mlops/104. Model Versioning.md,104. Model Versioning.md,model-versioning,15-mlops/model-versioning.qmd,Model Versioning,Model Versioning,mlops,104,1,104-model-version.svg,spaces,
15-mlops,9,15-mlops/109. Shadow Deployment Evaluation.md,109. Shadow Deployment Evaluation.md,shadow-deployment-evaluation,15-mlops/shadow-deployment-evaluation.qmd,Shadow Deployment Evaluation,Shadow Deployment Evaluation,mlops,109,1,109-shadow.svg,spaces,
15-mlops,10,15-mlops/108. Retraining Trigger Design.md,108. Retraining Trigger Design.md,retraining-trigger-design,15-mlops/retraining-trigger-design.qmd,Retraining Trigger Design,Retraining Trigger Design,mlops,108,1,108-retrain-trigger.svg,spaces,
